{
  "num_episodes": 1000,
  "final_avg_reward": -4.989439018789164,
  "final_success_rate": 0.0,
  "final_avg_distance": 2.147446940776334,
  "final_fg_loss": 0.046547625213861465
}