{
  "train_eta": [
    0.09928125128149987,
    0.009254853129386903,
    0.011026888117194177,
    0.006976787261664868,
    0.007321423310786486,
    0.005979827409610152,
    0.005489482544362545,
    0.004914421695284546,
    0.002890431098639965,
    0.003848058069124818,
    0.004315622057765723,
    0.0047603820171207185,
    0.002809663265943527,
    0.003566148243844509,
    0.004105358594097197,
    0.003564164126291871,
    0.0027797029679641127,
    0.0038440350256860258,
    0.002787123527377844,
    0.003432079893536866
  ],
  "train_epsilon": [
    0.3899067145586014,
    0.26028335362672805,
    0.20928605526685715,
    0.27016042232513426,
    0.2533706811070442,
    0.2414860625565052,
    0.21713005810976027,
    0.26464318722486496,
    0.22448100924491882,
    0.20415247082710267,
    0.20208954364061354,
    0.266587875187397,
    0.2050233581662178,
    0.2070273834466934,
    0.19640183359384536,
    0.25332617610692976,
    0.24365717485547067,
    0.1792079122364521,
    0.17762824922800063,
    0.23168612375855446
  ],
  "train_total": [
    0.48918796837329864,
    0.2695382088422775,
    0.2203129431605339,
    0.2771372079849243,
    0.2606921023130417,
    0.24746589228510857,
    0.22261954128742217,
    0.26955760926008226,
    0.2273714417219162,
    0.20800053030252458,
    0.2064051654934883,
    0.27134825736284257,
    0.20783302053809166,
    0.21059353053569793,
    0.20050719380378723,
    0.2568903407454491,
    0.2464368797838688,
    0.18305194675922393,
    0.18041537284851075,
    0.23511820584535598
  ],
  "val_eta": [
    0.2405351519584656,
    0.006985207088291645,
    0.012458333186805249,
    0.003994830185547471,
    0.007342635747045278,
    0.005883597582578659,
    0.009837864711880685,
    0.0018025748431682587,
    0.002641161158680916,
    0.0015290544368326664,
    0.006516234204173088,
    0.0022747116163372993,
    0.003876576945185661,
    0.0021217303117737176,
    0.002196147385984659,
    0.001941077597439289,
    0.001092062029056251,
    0.002792660379782319,
    0.0020425997674465178,
    0.002611725404858589
  ],
  "val_epsilon": [
    0.2695842444896698,
    0.12406421899795532,
    0.0655630186200142,
    0.0885622575879097,
    0.062268107384443286,
    0.0804140955209732,
    0.0964857168495655,
    0.09128057807683945,
    0.07904699072241783,
    0.08553684055805207,
    0.07394072115421295,
    0.053398235142230986,
    0.10354740396142006,
    0.09923321008682251,
    0.10550210624933243,
    0.10489233955740929,
    0.09244373589754104,
    0.11105757281184196,
    0.07938841283321381,
    0.05525277033448219
  ],
  "val_total": [
    0.5101194083690643,
    0.13104942440986633,
    0.07802135199308395,
    0.09255708754062653,
    0.06961074322462082,
    0.0862976923584938,
    0.10632358193397522,
    0.09308315366506577,
    0.08168815225362777,
    0.0870658963918686,
    0.08045695573091508,
    0.055672946572303775,
    0.10742398127913474,
    0.1013549417257309,
    0.10769825428724289,
    0.10683341696858406,
    0.09353579580783844,
    0.11385023221373558,
    0.08143101185560227,
    0.05786449499428272
  ]
}