{
  "slack": {
    "loss_final": 0.19631776928901673,
    "loss_mean": 0.2820048137903214,
    "chamfer_final": 0.08283659428358078,
    "chamfer_mean": 0.11309363177418708,
    "val_chamfer_final": 0.08633605033159256,
    "val_chamfer_mean": 0.1019886598587036,
    "aff_final": 0.07800245076417923,
    "aff_mean": 0.17601325100660323,
    "val_aff_final": 0.2725610464811325,
    "val_aff_mean": 0.2713677172064781,
    "eta_by_step_final": {
      "0": 0.7632255482673646,
      "1": 0.5843458247184753,
      "2": 0.5336490070819855,
      "3": 0.5111979365348815,
      "4": 0.49651524543762204,
      "5": 0.4892877852916718,
      "6": 0.48440511226654054,
      "7": 0.4812409031391144
    },
    "disp_mag_by_step_final": {
      "0": 0.018012327961623668,
      "1": 0.010278883296996355,
      "2": 0.009124945756047964,
      "3": 0.008701902292668819,
      "4": 0.00872321730479598,
      "5": 0.008948818538337946,
      "6": 0.008232759144157172,
      "7": 0.009172185361385345
    },
    "cd_by_step_final": {
      "0": 0.4813326799869537,
      "1": 0.2290571826696396,
      "2": 0.15868562936782837,
      "3": 0.12702620029449463,
      "4": 0.10828640758991241,
      "5": 0.09666025221347808,
      "6": 0.08868542611598969,
      "7": 0.08283659428358078
    }
  },
  "tight": {
    "loss_final": 0.2419138866662979,
    "loss_mean": 0.3367169314026833,
    "chamfer_final": 0.08805476039648057,
    "chamfer_mean": 0.10479932951927187,
    "val_chamfer_final": 0.08459155917167664,
    "val_chamfer_mean": 0.09504252144694328,
    "aff_final": 0.08240574955940247,
    "aff_mean": 0.18208462867140768,
    "val_aff_final": 0.19677628815174103,
    "val_aff_mean": 0.20219523999094963,
    "eta_by_step_final": {
      "0": 0.7562490224838256,
      "1": 0.5837980461120605,
      "2": 0.5276837146282196,
      "3": 0.5000014770030975,
      "4": 0.48038748860359193,
      "5": 0.46486692905426025,
      "6": 0.4520021557807922,
      "7": 0.4372469770908356
    },
    "disp_mag_by_step_final": {
      "0": 0.026278221271932124,
      "1": 0.017358259335160255,
      "2": 0.018366485722362994,
      "3": 0.018993210084736346,
      "4": 0.019487059339880944,
      "5": 0.019949343279004095,
      "6": 0.01987755186855793,
      "7": 0.020201330333948136
    },
    "cd_by_step_final": {
      "0": 0.480373113155365,
      "1": 0.22534044861793517,
      "2": 0.1550067561864853,
      "3": 0.12410299122333526,
      "4": 0.10660847723484039,
      "5": 0.0968817862868309,
      "6": 0.09113529056310654,
      "7": 0.08805476039648057
    }
  }
}