{
  "slack": {
    "final_chamfer": 0.08633605033159256,
    "final_aff": 0.2725610464811325,
    "final_eta_by_step": {
      "0": 0.7621671986579895,
      "1": 0.5881150794029236,
      "2": 0.5360959589481353,
      "3": 0.5131116378307342,
      "4": 0.49910136938095095,
      "5": 0.4913271129131317,
      "6": 0.4857396590709686,
      "7": 0.48238913774490355
    },
    "final_disp_mag_by_step": {
      "0": 0.0289245468378067,
      "1": 0.0215065661072731,
      "2": 0.01705595850944519,
      "3": 0.014759406857192516,
      "4": 0.013645221963524818,
      "5": 0.013250374235212803,
      "6": 0.011769733019173145,
      "7": 0.01126568965613842
    },
    "final_cd_by_step": {
      "0": 0.4815774130821228,
      "1": 0.2291836565732956,
      "2": 0.16035094916820525,
      "3": 0.12927038639783858,
      "4": 0.11097604930400848,
      "5": 0.09993411809206008,
      "6": 0.0920250165462494,
      "7": 0.08633605033159256
    }
  },
  "tight": {
    "final_chamfer": 0.08459155917167664,
    "final_aff": 0.19677628815174103,
    "final_eta_by_step": {
      "0": 0.7572007298469543,
      "1": 0.5840658640861511,
      "2": 0.5299628269672394,
      "3": 0.5066634237766265,
      "4": 0.48760719776153566,
      "5": 0.47556549072265625,
      "6": 0.4647292482852936,
      "7": 0.45468055486679076
    },
    "final_disp_mag_by_step": {
      "0": 0.026677305102348326,
      "1": 0.020923453308641912,
      "2": 0.018183790184557437,
      "3": 0.017095436304807664,
      "4": 0.015654764734208584,
      "5": 0.015979673899710178,
      "6": 0.015471152439713478,
      "7": 0.016255473531782628
    },
    "final_cd_by_step": {
      "0": 0.4813171648979187,
      "1": 0.22825761795043945,
      "2": 0.15976914823055266,
      "3": 0.12747982114553452,
      "4": 0.10885706424713135,
      "5": 0.09747851252555848,
      "6": 0.08986437439918518,
      "7": 0.08459155917167664
    }
  }
}