{
  "correlation_coefficient": 0.8351658062481884,
  "p_value": 4.687440854417686e-14,
  "regression_slope": 43.92192256054484,
  "regression_intercept": -21.810295235863705,
  "r_squared": 0.6975019239261869,
  "eta_stats": {
    "mean": 0.5153260087370872,
    "std": 0.004302217040923852,
    "min": 0.5018651038408279,
    "max": 0.5199357748031617,
    "range": 0.018070670962333724,
    "final": 0.5199357748031617,
    "initial": 0.5018651038408279,
    "change": 0.018070670962333724
  },
  "eps_stats": {
    "mean": 0.8238138133212926,
    "std": 0.22625644189024605,
    "min": 0.0964229267090559,
    "max": 1.044439297914505,
    "range": 0.948016371205449,
    "final": 1.044439297914505,
    "initial": 0.0964229267090559,
    "change": 0.948016371205449
  }
}