{
  "num_episodes": 100,
  "final_avg_reward": -160.1827720694118,
  "final_success_rate": 0.0,
  "best_avg_reward": -160.1827720694118,
  "episode_rewards": [
    -175.24652120675555,
    -144.9929828285538,
    -154.91505089161365,
    -152.8196227757242,
    -155.62590184287114,
    -149.25328453965756,
    -173.93635946210645,
    -160.28975929296845,
    -162.33040474994152,
    -151.03524574792365,
    -150.96058044244583,
    -154.9959854394939,
    -154.99692044494233,
    -160.0765086910755,
    -165.8832546425124,
    -155.60233646619307,
    -178.1476841563813,
    -160.7028422724669,
    -171.91691662275792,
    -160.830975443608,
    -172.62285207074325,
    -165.05281178051004,
    -163.93338218005437,
    -175.49963011898495,
    -145.43232224329677,
    -153.84323977180935,
    -164.25503100612633,
    -145.80478047885754,
    -183.22644326515018,
    -150.20890600466524,
    -165.66184534121126,
    -171.84855533381221,
    -171.34874388111302,
    -166.8932286123814,
    -178.12522717991214,
    -178.0821943741337,
    -173.35487651440067,
    -151.4912445725857,
    -148.29113186986024,
    -171.20102662473462,
    -158.365904943891,
    -154.85394965792932,
    -156.2952518308938,
    -165.60184106362485,
    -154.66144599541767,
    -159.4391885357467,
    -155.50024726107026,
    -158.00733229960207,
    -173.52050722681392,
    -166.8557920259049,
    -175.13675102099344,
    -178.60145658022557,
    -148.73798833461862,
    -172.72632030891396,
    -147.90180469913466,
    -177.31729466123383,
    -147.14782726840576,
    -173.0645887617053,
    -167.59617577695343,
    -173.33665134557617,
    -167.57912820206388,
    -151.14006327143866,
    -154.9729503812219,
    -153.95898996423273,
    -145.82752353793805,
    -156.71800982248948,
    -156.0782524513914,
    -145.79776687116689,
    -156.3820267169957,
    -168.00216443963228,
    -171.32515509556353,
    -151.02776496924108,
    -174.37393347961384,
    -176.95493932057303,
    -169.3273682258016,
    -169.08736657682604,
    -158.91309886405332,
    -145.0119701994065,
    -145.63209207565177,
    -166.5039269282382,
    -168.52477889185116,
    -152.26804137960886,
    -147.8928155401786,
    -176.06200083393972,
    -155.60833545507657,
    -161.65155598823864,
    -160.06830804030557,
    -157.20835547295047,
    -154.59994082499966,
    -168.322800561308,
    -160.86518941118683,
    -162.90141398424385,
    -156.97740915131504,
    -153.390592172516,
    -156.5119200315628,
    -175.97166511463277,
    -141.3179556190446,
    -144.3422536124377,
    -164.77020929619766,
    -143.70171193769735
  ],
  "episode_successes": [
    0.0,
    0.0,
    0.0,
    0.0,
    0.0,
    0.0,
    0.0,
    0.0,
    0.0,
    0.0,
    0.0,
    0.0,
    0.0,
    0.0,
    0.0,
    0.0,
    0.0,
    0.0,
    0.0,
    0.0,
    0.0,
    0.0,
    0.0,
    0.0,
    0.0,
    0.0,
    0.0,
    0.0,
    0.0,
    0.0,
    0.0,
    0.0,
    0.0,
    0.0,
    0.0,
    0.0,
    0.0,
    0.0,
    0.0,
    0.0,
    0.0,
    0.0,
    0.0,
    0.0,
    0.0,
    0.0,
    0.0,
    0.0,
    0.0,
    0.0,
    0.0,
    0.0,
    0.0,
    0.0,
    0.0,
    0.0,
    0.0,
    0.0,
    0.0,
    0.0,
    0.0,
    0.0,
    0.0,
    0.0,
    0.0,
    0.0,
    0.0,
    0.0,
    0.0,
    0.0,
    0.0,
    0.0,
    0.0,
    0.0,
    0.0,
    0.0,
    0.0,
    0.0,
    0.0,
    0.0,
    0.0,
    0.0,
    0.0,
    0.0,
    0.0,
    0.0,
    0.0,
    0.0,
    0.0,
    0.0,
    0.0,
    0.0,
    0.0,
    0.0,
    0.0,
    0.0,
    0.0,
    0.0,
    0.0,
    0.0
  ],
  "episode_lengths": [
    200,
    200,
    200,
    200,
    200,
    200,
    200,
    200,
    200,
    200,
    200,
    200,
    200,
    200,
    200,
    200,
    200,
    200,
    200,
    200,
    200,
    200,
    200,
    200,
    200,
    200,
    200,
    200,
    200,
    200,
    200,
    200,
    200,
    200,
    200,
    200,
    200,
    200,
    200,
    200,
    200,
    200,
    200,
    200,
    200,
    200,
    200,
    200,
    200,
    200,
    200,
    200,
    200,
    200,
    200,
    200,
    200,
    200,
    200,
    200,
    200,
    200,
    200,
    200,
    200,
    200,
    200,
    200,
    200,
    200,
    200,
    200,
    200,
    200,
    200,
    200,
    200,
    200,
    200,
    200,
    200,
    200,
    200,
    200,
    200,
    200,
    200,
    200,
    200,
    200,
    200,
    200,
    200,
    200,
    200,
    200,
    200,
    200,
    200,
    200
  ]
}