{
  "train_loss": [
    0.6157814621925354,
    0.5464111685752868,
    0.4895173043012619,
    0.4340661853551865,
    0.34524099826812743,
    0.25217281132936475,
    0.19276770502328872,
    0.14720972776412963,
    0.11660912409424781,
    0.11460378468036651,
    0.10968682244420051,
    0.11914419084787368,
    0.12041919752955436,
    0.09608720093965531,
    0.09407196715474128,
    0.10408862233161927,
    0.09280951544642449,
    0.09617306217551232,
    0.093299500644207,
    0.09787611737847328,
    0.09885390251874923,
    0.09497720673680306,
    0.08895231261849404,
    0.0940212719142437,
    0.08375789150595665,
    0.08548172637820244,
    0.1150798924267292,
    0.08800368830561638,
    0.09077747166156769,
    0.0927753783762455,
    0.08430516943335534,
    0.08570904433727264,
    0.08865895196795463,
    0.08795568123459815,
    0.08001845479011535,
    0.10030679181218147,
    0.08317019641399384,
    0.08055544272065163,
    0.07914866209030151,
    0.09339985474944115,
    0.09133268296718597,
    0.08126795142889023,
    0.08162177503108978,
    0.08112299218773841,
    0.07890761643648148,
    0.07594067230820656,
    0.0797283336520195,
    0.08262908011674881,
    0.08703615516424179,
    0.0824122078716755
  ],
  "train_aff": [
    0.5216637432575226,
    0.4643741250038147,
    0.41468257308006284,
    0.36346564888954164,
    0.2763053774833679,
    0.18383157402276992,
    0.1243593767285347,
    0.07938723154366016,
    0.04889098182320595,
    0.047112030908465385,
    0.042228413932025435,
    0.051879855804145336,
    0.05310157220810652,
    0.028944139275699853,
    0.027243648562580346,
    0.03729933509603143,
    0.02608618065714836,
    0.029569677356630564,
    0.026662541460245846,
    0.03142181197181344,
    0.032414869591593745,
    0.02864903723821044,
    0.022606362868100405,
    0.027681045792996885,
    0.017591761890798807,
    0.019314632378518583,
    0.04906059093773365,
    0.021917376760393383,
    0.02476193578913808,
    0.02680704351514578,
    0.018430294236168265,
    0.01974659189581871,
    0.022802054416388273,
    0.022080051992088557,
    0.014074240485206247,
    0.03440398452803493,
    0.017412970028817653,
    0.0147660824470222,
    0.013389975298196077,
    0.027645900147035718,
    0.025568896951153875,
    0.01564272791147232,
    0.015961080184206368,
    0.01547694681212306,
    0.01321424706839025,
    0.0102607527282089,
    0.014034792222082615,
    0.01697203693911433,
    0.021354916132986547,
    0.01681899568066001
  ],
  "train_kl": [
    0.2494436264038086,
    0.1403062880039215,
    0.07080401182174682,
    0.03112453818321228,
    0.01283494234085083,
    0.006850117444992065,
    0.0045345544815063475,
    0.0016674697399139404,
    0.0005413472652435302,
    0.00023537874221801758,
    0.00014826059341430665,
    7.103681564331054e-05,
    5.2228569984436035e-05,
    4.31358814239502e-05,
    3.903508186340332e-05,
    3.7929415702819826e-05,
    2.008974552154541e-05,
    2.798736095428467e-05,
    3.883540630340576e-05,
    3.657341003417969e-05,
    4.291832447052002e-05,
    2.82973051071167e-05,
    3.55452299118042e-05,
    2.2363662719726562e-05,
    3.090500831604004e-05,
    2.3487210273742676e-05,
    3.2582879066467284e-05,
    3.64452600479126e-05,
    2.334117889404297e-05,
    2.344846725463867e-05,
    1.6534328460693358e-05,
    1.4674663543701171e-05,
    2.5266408920288085e-05,
    2.9015541076660157e-05,
    2.3803114891052247e-05,
    2.3889541625976563e-05,
    2.2536516189575197e-05,
    3.1867623329162596e-05,
    1.590549945831299e-05,
    1.8587708473205568e-05,
    1.6745924949645995e-05,
    2.4199485778808594e-05,
    1.5690922737121582e-05,
    1.7198920249938966e-05,
    1.3342499732971191e-05,
    1.1596083641052247e-05,
    1.176595687866211e-05,
    1.8483400344848634e-05,
    1.9571185111999513e-05,
    1.405477523803711e-05
  ],
  "train_coherence": [
    0.6917335450649261,
    0.6800641596317292,
    0.6775433778762817,
    0.6748807072639466,
    0.676521235704422,
    0.676562237739563,
    0.679548728466034,
    0.6765574753284455,
    0.6766400754451751,
    0.6746821284294129,
    0.6744357943534851,
    0.6725723028182984,
    0.6731239914894104,
    0.6713874757289886,
    0.6682441234588623,
    0.6678549349308014,
    0.667213237285614,
    0.6660058438777924,
    0.666330760717392,
    0.664506459236145,
    0.6643473982810975,
    0.6632533848285675,
    0.6634239315986633,
    0.6633798956871033,
    0.6616303741931915,
    0.6616474330425263,
    0.6601604282855987,
    0.6608266770839691,
    0.6601319968700409,
    0.6596598923206329,
    0.6587322115898132,
    0.6596098423004151,
    0.658543711900711,
    0.6587272644042969,
    0.6594183325767518,
    0.6590041935443878,
    0.6575497210025787,
    0.65786172747612,
    0.6575709521770478,
    0.6575209379196167,
    0.6576211094856262,
    0.6562280237674714,
    0.656591248512268,
    0.6564432322978974,
    0.656920337677002,
    0.6567875921726227,
    0.656923633813858,
    0.6565519392490387,
    0.6567928194999695,
    0.6559180676937103
  ],
  "train_unit_eta": [
    0.5018651038408279,
    0.5076727509498596,
    0.5088403165340424,
    0.5102147400379181,
    0.509354493021965,
    0.5093932688236237,
    0.5078370720148087,
    0.5093612641096115,
    0.5093905746936798,
    0.5103500872850418,
    0.5104756742715836,
    0.5114522308111191,
    0.5111314564943313,
    0.5120008707046508,
    0.5136239469051361,
    0.5138040453195571,
    0.5141159772872925,
    0.514747080206871,
    0.514539384841919,
    0.5155316829681397,
    0.5156264662742615,
    0.5161366581916809,
    0.5160560488700867,
    0.5160909295082092,
    0.5169929206371308,
    0.5169702887535095,
    0.5177861124277114,
    0.5173997789621353,
    0.5177400171756744,
    0.518035477399826,
    0.5185122132301331,
    0.518032294511795,
    0.5185611844062805,
    0.5184761196374893,
    0.5181469798088074,
    0.5183412075042725,
    0.5191162407398224,
    0.5189352035522461,
    0.5190807700157165,
    0.5190873622894288,
    0.5190573811531067,
    0.519787722826004,
    0.5195821225643158,
    0.5196689963340759,
    0.5194247364997864,
    0.5194712698459625,
    0.5194194495677948,
    0.5196110606193542,
    0.5195156276226044,
    0.5199357748031617
  ],
  "train_counit_eps": [
    0.0964229267090559,
    0.18919570595026017,
    0.2269920065999031,
    0.3005080297589302,
    0.3618372052907944,
    0.5361152648925781,
    0.5486253440380097,
    0.6421323657035828,
    0.7343205213546753,
    0.743746417760849,
    0.9213355779647827,
    0.8745485663414001,
    0.8718251585960388,
    0.7929562389850616,
    0.882839173078537,
    0.7649975836277008,
    0.9300687253475189,
    0.8596091330051422,
    0.7738840520381928,
    0.8800050258636475,
    0.9222167372703552,
    0.7700035005807877,
    0.9195194065570831,
    0.9473648309707642,
    0.9640967726707459,
    0.9533817648887635,
    0.899170172214508,
    0.9531943678855896,
    0.8575918734073639,
    0.935763156414032,
    0.9019905507564545,
    0.9052068293094635,
    0.8409487664699554,
    0.8853498339653015,
    0.965759003162384,
    0.9864461839199066,
    0.8709575891494751,
    1.036780345439911,
    1.0252195715904235,
    0.8685407280921936,
    0.9253699123859406,
    1.0012085139751434,
    1.025161612033844,
    0.9981185555458069,
    0.9403372645378113,
    0.9838031947612762,
    0.9318511813879014,
    1.0195359647274018,
    0.9793981611728668,
    1.044439297914505
  ],
  "val_aff": [
    1.3041776418685913,
    2.684697469075521,
    1.9926745891571045,
    1.7723005215326946,
    1.6174866358439128,
    1.8417014678319295,
    2.6061267058054605,
    2.6118045647939048,
    2.584573666254679,
    2.432396173477173
  ],