{
  "purpose_emergent": {
    "final_purpose": 2.3158759927749633,
    "final_eta_by_step": {
      "0": 1.173294095993042,
      "1": 1.7249312710762024,
      "2": 2.289775760173798,
      "3": 2.8966458797454835,
      "4": 3.5664872789382933,
      "5": 4.284539513587951,
      "6": 5.0229637241363525,
      "7": 5.767583265304565
    },
    "final_disp_mag_by_step": {
      "0": 0.25559808492660524,
      "1": 0.32507347106933593,
      "2": 0.38133051693439485,
      "3": 0.42383249700069425,
      "4": 0.46287882268428804,
      "5": 0.49875779867172243,
      "6": 0.5004025131464005,
      "7": 0.4616181182861328
    }
  },
  "baseline": {
    "final_purpose": 0.3962465727329254,
    "final_eta_by_step": {
      "0": 0.92021635055542,
      "1": 1.1125839412212373,
      "2": 1.2586951398849486,
      "3": 1.3520774173736572,
      "4": 1.4249711585044862,
      "5": 1.4694497323036193,
      "6": 1.4835638570785523,
      "7": 1.4534204268455506
    },
    "final_disp_mag_by_step": {
      "0": 0.1799436950683594,
      "1": 0.20511992126703263,
      "2": 0.20034935981035232,
      "3": 0.18101550221443177,
      "4": 0.16737655967473983,
      "5": 0.16108797520399093,
      "6": 0.15029673382639885,
      "7": 0.14175553277134895
    }
  }
}