{
  "purpose_emergent": {
    "final_purpose": 2.3606361389160155,
    "final_eta_by_step": {
      "0": 1.1328338265419007,
      "1": 1.5999870085716248,
      "2": 2.012049362659454,
      "3": 2.385666584968567,
      "4": 2.736561312675476,
      "5": 3.034152040481567,
      "6": 3.287725148200989,
      "7": 3.5840375518798826
    },
    "final_disp_mag_by_step": {
      "0": 0.2801299864053726,
      "1": 0.3584477651119232,
      "2": 0.41947730600833893,
      "3": 0.4636462414264679,
      "4": 0.4968969714641571,
      "5": 0.5013114249706269,
      "6": 0.44014983355998993,
      "7": 0.33990408420562745
    }
  },
  "baseline": {
    "final_purpose": 0.29201011300086976,
    "final_eta_by_step": {
      "0": 0.8773260879516601,
      "1": 0.953069726228714,
      "2": 0.9860026705265045,
      "3": 0.9830225169658661,
      "4": 0.9927331376075744,
      "5": 1.027516998052597,
      "6": 1.0679471838474273,
      "7": 1.0853525495529175
    },
    "final_disp_mag_by_step": {
      "0": 0.18984565496444702,
      "1": 0.22282227069139482,
      "2": 0.22041716992855073,
      "3": 0.19796558916568757,
      "4": 0.18487184941768647,
      "5": 0.16810523390769957,
      "6": 0.13885460942983627,
      "7": 0.1183596695959568
    }
  }
}