{
  "learning_efficiency": {
    "critical_epochs": [
      0,
      1,
      2,
      3,
      4,
      5,
      6
    ],
    "cumulative_improvement": {
      "epoch_5": 0.4951574504375458,
      "epoch_10": 2.3756604250520468,
      "epoch_15": 4.8318261343520135,
      "epoch_20": 7.3402373573044315
    }
  },
  "coherence_dynamics": {
    "mean": 0.6945352185517549,
    "std": 0.034335868979237,
    "trend": "decreasing",
    "oscillations": 11
  },
  "exploration_vs_exploitation": {
    "kl_phases": [
      "High exploration (Epoch 0-2)",
      "Low exploration (Epoch 10+)"
    ],
    "exploration_ratio": {
      "epoch_1": 0.28692697128429023,
      "epoch_10": 0.010098317793767821,
      "epoch_20": 0.0008874501190162916
    }
  },
  "slack_utilization": {
    "slack_kl_correlation": -0.9909774436090225,
    "slack_aff_correlation": -0.9443609022556391
  },
  "phase_transitions": {
    "detected_epochs": [
      0,
      1,
      2,
      3,
      4,
      5,
      6,
      7,
      8,
      13,
      14,
      15,
      16,
      19
    ]
  },
  "suspension_structure": {
    "non_monotonic_coherence": true,
    "plateau_epochs": 3,
    "slack_modulation": 0.304102849078355,
    "score": 2
  }
}