{
  "pearson_correlation": 0.7605440818793631,
  "pearson_p_value": 9.915233118679065e-05,
  "spearman_correlation": 0.9248120300751879,
  "spearman_p_value": 5.53916517661753e-09,
  "eta_statistics": {
    "mean": 0.5005395693704486,
    "std": 0.01649638129174991,
    "min": 0.44912005588412285,
    "max": 0.5131647251546383,
    "initial": 0.44912005588412285,
    "final": 0.5130127444863319,
    "change_absolute": 0.06389268860220909,
    "change_percent": 14.226193590137504
  },
  "epsilon_statistics": {
    "mean": 1.9727349999999997,
    "std": 1.2443630813693407,
    "min": 0.0008,
    "max": 4.122,
    "initial": 0.0008,
    "final": 3.3435,
    "change_absolute": 3.3427000000000002,
    "change_percent": 417837.5
  },
  "total_slack_statistics": {
    "initial": 0.44992005588412287,
    "final": 3.856512744486332,
    "change_absolute": 3.4065926886022093,
    "change_percent": 757.1551087910557
  }
}