{
  "loss": [
    0.6826067805290222,
    0.6467424273490906
  ],
  "aff": [
    0.5762808740139007,
    0.5483797013759613
  ],
  "kl": [
    0.24250304698944092,
    0.18213518857955932
  ],
  "coherence": [
    0.8207559943199157,
    0.8014922261238098
  ],
  "unit_eta": [
    0.44089697003364564,
    0.449341869354248
  ],
  "counit_eps": []
}