{
  "loss": [
    0.6585767865180969,
    0.5974136143922806,
    0.5458774194121361,
    0.48312709853053093,
    0.4203908108174801,
    0.3592463247478008,
    0.28355537727475166,
    0.23212259262800217,
    0.20125813968479633,
    0.1675844043493271,
    0.16845528595149517,
    0.1435972573235631,
    0.12367432378232479,
    0.11210140958428383,
    0.11626184917986393,
    0.1524003343656659,
    0.11403039749711752,
    0.11486849002540112,
    0.11524962354451418,
    0.11052096076309681
  ],
  "aff": [
    0.5558992996811867,
    0.5064612254500389,
    0.4642289839684963,
    0.4082890413701534,
    0.34946049749851227,
    0.2893709298223257,
    0.214893052354455,
    0.1630612639710307,
    0.13238621689379215,
    0.09928206074982882,
    0.10032622423022985,
    0.07496903603896499,
    0.054917348781600595,
    0.04440206033177674,
    0.04871611972339451,
    0.0847281354945153,
    0.047014205949380994,
    0.0473863574443385,
    0.04835554596502334,
    0.04360103060025722
  ],
  "kl": [
    0.22368326783180237,
    0.13886158168315887,
    0.08086135238409042,
    0.043163806200027466,
    0.021263226866722107,
    0.010593682527542114,
    0.006341077387332916,
    0.004592537879943848,
    0.002900347113609314,
    0.0010128095746040344,
    0.00048464909195899963,
    0.0004385635256767273,
    0.00021284446120262146,
    0.00011895224452018738,
    9.424984455108643e-05,
    9.576603770256042e-05,
    8.161365985870361e-05,
    5.621463060379028e-05,
    3.870949149131775e-05,
    3.872811794281006e-05
  ],
  "coherence": [
    0.8030916601419449,
    0.7706622183322906,
    0.7356229573488235,
    0.7052167505025864,
    0.6880399435758591,
    0.6881602108478546,
    0.6802821829915047,
    0.6860207915306091,
    0.6858188435435295,
    0.682010605931282,
    0.680805929005146,
    0.6858436390757561,
    0.6873568668961525,
    0.6768745332956314,
    0.6753630042076111,
    0.6766262277960777,
    0.6700802892446518,
    0.6747650876641273,
    0.6689020469784737,
    0.6691605821251869
  ],
  "unit_eta": [
    0.44912005588412285,
    0.46381645277142525,
    0.4799718111753464,
    0.49492940306663513,
    0.5034473575651646,
    0.5033813565969467,
    0.5074560195207596,
    0.5045921206474304,
    0.5047054141759872,
    0.506420724093914,
    0.5071000754833221,
    0.5045880451798439,
    0.5040050894021988,
    0.5090685971081257,
    0.5099082849919796,
    0.509281612932682,
    0.5126552358269691,
    0.5101662613451481,
    0.5131647251546383,
    0.5130127444863319
  ],
  "counit_eps": []
}