{
  "eta": {
    "initial": 0.44089697003364564,
    "final": 0.449341869354248,
    "mean": 0.44511941969394686,
    "std": 0.004222449660301192,
    "min": 0.44089697003364564,
    "max": 0.449341869354248,
    "trend": "increasing"
  }
}