{
  "eta": {
    "initial": 0.44912005588412285,
    "final": 0.5130127444863319,
    "mean": 0.5005395693704486,
    "std": 0.01649638129174991,
    "min": 0.44912005588412285,
    "max": 0.5131647251546383,
    "trend": "increasing"
  }
}